{
  "sources": [
    {
      "x": 3.068885423647288,
      "y": 0.854271737376977,
      "intensity": 0.5297937194449038
    },
    {
      "x": 2.5933972860719834,
      "y": -0.5861385396880143,
      "intensity": 0.5291554059323522
    },
    {
      "x": -1.5122150114342592,
      "y": -1.5133811544702935,
      "intensity": 0.632820275068029
    }
  ]
}