{
  "sources": [
    {
      "x": -0.31914127024638184,
      "y": -2.943323861572243,
      "intensity": 0.5204148302996618
    },
    {
      "x": 3.305967743964815,
      "y": 2.2029143965267934,
      "intensity": 0.7245049128896472
    },
    {
      "x": -1.1229159983778079,
      "y": 2.6434285846275447,
      "intensity": 0.538336220796056
    }
  ]
}