{
  "sources": [
    {
      "x": -0.4325216463427797,
      "y": -3.3779497847063986,
      "intensity": 0.8380595988674131
    }
  ]
}