{
  "sources": [
    {
      "x": -0.30046177639848937,
      "y": -0.6688687578440569,
      "intensity": 0.907749180287927
    }
  ]
}