{
  "sources": [
    {
      "x": -2.671978078910314,
      "y": -1.7076836531289623,
      "intensity": 0.5903451507090813
    },
    {
      "x": 0.8126380803039455,
      "y": 2.9914829718867777,
      "intensity": 0.9831749682087724
    },
    {
      "x": -1.3490631277181522,
      "y": 3.1498195632847876,
      "intensity": 0.9616014347911235
    }
  ]
}