{
  "sources": [
    {
      "x": 2.966747334998556,
      "y": 0.9209959760447131,
      "intensity": 0.9394879949305573
    },
    {
      "x": -2.2686415750671065,
      "y": -1.096415601566092,
      "intensity": 0.5501648683845546
    },
    {
      "x": 3.1949801793052215,
      "y": 0.6393596263994166,
      "intensity": 0.6879214020887692
    }
  ]
}