{
  "sources": [
    {
      "x": -3.1544306386786487,
      "y": 0.7152762593116799,
      "intensity": 0.5670864224517718
    },
    {
      "x": -1.02244839701403,
      "y": -0.5690869483739744,
      "intensity": 0.7493298233781407
    },
    {
      "x": 3.2903244045659035,
      "y": 0.9885990466041648,
      "intensity": 0.6451894298826213
    }
  ]
}