{
  "sources": [
    {
      "x": 0.9380186214822901,
      "y": 2.889251288182666,
      "intensity": 0.6477835375086578
    },
    {
      "x": 0.6333314062603064,
      "y": 1.6020822040051872,
      "intensity": 0.6729262928016355
    },
    {
      "x": -3.18939225583952,
      "y": -0.8037975408976266,
      "intensity": 0.9371440877134326
    }
  ]
}