{
  "sources": [
    {
      "x": 1.612726354692808,
      "y": -2.3241800238328048,
      "intensity": 0.7448630810339545
    },
    {
      "x": -2.4996314878939803,
      "y": -1.458317199801379,
      "intensity": 0.6682775886136899
    },
    {
      "x": 1.440990834133311,
      "y": 1.7036003728407492,
      "intensity": 0.7716319349958354
    }
  ]
}