{
  "sources": [
    {
      "x": -1.9671317064355094,
      "y": -3.1253940107817493,
      "intensity": 0.8764355690108772
    },
    {
      "x": 0.4611982572136726,
      "y": 1.797656827738514,
      "intensity": 0.5125663170397193
    },
    {
      "x": -1.0402253750904014,
      "y": 1.9673773597023274,
      "intensity": 0.5091261402433549
    }
  ]
}