{
  "sources": [
    {
      "x": -2.2842845456581493,
      "y": 0.663642657204301,
      "intensity": 0.936884707499358
    },
    {
      "x": -1.4917926871604443,
      "y": -1.837327489054529,
      "intensity": 0.5133158402539115
    },
    {
      "x": -0.0018516054654842407,
      "y": -2.141317929653654,
      "intensity": 0.5182997969186997
    }
  ]
}