{
  "sources": [
    {
      "x": 2.544918403897385,
      "y": 1.3668709389357883,
      "intensity": 0.8085143541868105
    },
    {
      "x": -0.4700929978975985,
      "y": -2.5120944862517702,
      "intensity": 0.9418346137937882
    },
    {
      "x": -3.1515118873552828,
      "y": 2.649126969513606,
      "intensity": 0.736832820281375
    }
  ]
}