{
  "sources": [
    {
      "x": -1.176218118150028,
      "y": 3.006176098085536,
      "intensity": 0.6227357993518167
    },
    {
      "x": 0.9297171383554721,
      "y": 0.08697766182443978,
      "intensity": 0.8910649668125075
    },
    {
      "x": -3.2418226072629563,
      "y": 2.244327470202136,
      "intensity": 0.6861207656830787
    }
  ]
}