{
  "sources": [
    {
      "x": 6.5881763315499295,
      "y": 6.291491895574701,
      "intensity": 0.4472656280667502
    },
    {
      "x": 3.8635785715321607,
      "y": -7.588338009538575,
      "intensity": 0.7472640181996513
    }
  ]
}