{
  "sources": [
    {
      "x": -1.4373215766356542,
      "y": -3.222835015597135,
      "intensity": 0.8013917915057138
    },
    {
      "x": -0.10109680194066417,
      "y": -2.5720533183042997,
      "intensity": 0.5579695072720847
    },
    {
      "x": 1.5230065320872859,
      "y": -2.902450138603265,
      "intensity": 0.687186683942753
    }
  ]
}