{
  "sources": [
    {
      "x": 3.047068263752367,
      "y": 4.703515342963989,
      "intensity": 0.99022407960078
    },
    {
      "x": -2.8152226448395883,
      "y": 1.047310828632737,
      "intensity": 0.7073850408910503
    }
  ]
}