{
  "sources": [
    {
      "x": 2.422056006551842,
      "y": -0.031042855762405175,
      "intensity": 0.6225599919376235
    }
  ]
}