{
  "sources": [
    {
      "x": -1.051051521202636,
      "y": -2.3243424728076376,
      "intensity": 0.611364619716082
    },
    {
      "x": -1.3753596357016118,
      "y": -2.41268533227516,
      "intensity": 0.9743483281994344
    },
    {
      "x": 1.4695094781232587,
      "y": 3.0645016428876213,
      "intensity": 0.9177258748984356
    }
  ]
}