{
  "sources": [
    {
      "x": -1.7173350188397265,
      "y": -0.07540189736307168,
      "intensity": 0.8557545220240839
    },
    {
      "x": 1.9746551927039064,
      "y": -3.1451877575003637,
      "intensity": 0.7637334350683467
    },
    {
      "x": 0.8345758661787013,
      "y": -0.024459780209945325,
      "intensity": 0.8826606724131205
    }
  ]
}