{
  "sources": [
    {
      "x": 0.417621145601327,
      "y": 0.016545783521836555,
      "intensity": 0.8766503259841822
    },
    {
      "x": -2.3436652089201804,
      "y": 2.928877138526831,
      "intensity": 0.9599194203971602
    },
    {
      "x": 1.4083443968629386,
      "y": -2.4285846457169145,
      "intensity": 0.8450320892683714
    }
  ]
}