{
  "sources": [
    {
      "x": 1.8417516559171458,
      "y": 2.795202656745718,
      "intensity": 0.8814321419466229
    },
    {
      "x": 2.141702648888491,
      "y": -2.7727759200563904,
      "intensity": 0.9840119182267215
    },
    {
      "x": 1.3360603525164532,
      "y": -0.17847240898837047,
      "intensity": 0.5235704984335501
    }
  ]
}