{
  "sources": [
    {
      "x": 1.166012522892359,
      "y": -3.1566644199429907,
      "intensity": 0.7770028292566971
    },
    {
      "x": 3.318172927394544,
      "y": -2.219446470922073,
      "intensity": 0.9744624582021104
    },
    {
      "x": 1.7476349416307553,
      "y": 1.2086567321695734,
      "intensity": 0.6930817560175297
    }
  ]
}