{
  "sources": [
    {
      "x": -2.344635626061601,
      "y": -0.5881833361433313,
      "intensity": 0.7281521192532254
    },
    {
      "x": 2.8259120745635995,
      "y": 0.6128018181568642,
      "intensity": 0.7338298257960998
    },
    {
      "x": -0.8134563319187254,
      "y": 1.920824985663148,
      "intensity": 0.6583638315733995
    }
  ]
}