{
  "sources": [
    {
      "x": -3.10673698341739,
      "y": 0.5337004072369247,
      "intensity": 0.37871862075066853
    },
    {
      "x": 0.8780587190703368,
      "y": -4.0106376271876965,
      "intensity": 0.438277167505008
    }
  ]
}