{
  "sources": [
    {
      "x": -2.497352460668238,
      "y": 0.46582354816580995,
      "intensity": 0.9968233670472304
    },
    {
      "x": -2.6782181631180024,
      "y": -2.493362609493353,
      "intensity": 0.7381565259557482
    },
    {
      "x": 0.35883291688069363,
      "y": 1.3435781428764688,
      "intensity": 0.7911590136646309
    }
  ]
}