{
  "sources": [
    {
      "x": -1.939335429337603,
      "y": -2.3480148221747243,
      "intensity": 0.6413192393548002
    },
    {
      "x": -2.4728015091739843,
      "y": 3.284654460716797,
      "intensity": 0.5266720895208982
    },
    {
      "x": 3.4764523237526266,
      "y": 2.6245269772630433,
      "intensity": 0.826222445186386
    }
  ]
}