{
  "sources": [
    {
      "x": 0.3035728333609615,
      "y": -7.712874223249328,
      "intensity": 0.5036739916266271
    },
    {
      "x": -5.803332586113065,
      "y": -7.1087369700831875,
      "intensity": 0.8299184471411898
    }
  ]
}