{
  "sources": [
    {
      "x": 1.813693817122032,
      "y": -0.005358179602319879,
      "intensity": 0.8120545294847388
    },
    {
      "x": -1.3604661656340822,
      "y": 2.8217440898315322,
      "intensity": 0.9795831623934692
    },
    {
      "x": 2.6474270315995225,
      "y": -1.7372438754893693,
      "intensity": 0.8039241306431066
    }
  ]
}