{
  "sources": [
    {
      "x": 1.3564265974785172,
      "y": 1.875380385332881,
      "intensity": 0.7661712616443246
    },
    {
      "x": 2.459947184244278,
      "y": -2.3727943898815766,
      "intensity": 0.8044815335323027
    },
    {
      "x": 0.6296648572371311,
      "y": -1.3378385358790048,
      "intensity": 0.8973874102173398
    }
  ]
}