{
  "sources": [
    {
      "x": 3.6587069982232796,
      "y": -1.0166472787017078,
      "intensity": 0.46195548411192455
    }
  ]
}