{
  "sources": [
    {
      "x": -2.0824892062696714,
      "y": -1.305094273446251,
      "intensity": 0.45560756841087396
    }
  ]
}