{
  "sources": [
    {
      "x": 3.14746213326831,
      "y": -1.0458072737264943,
      "intensity": 0.6054947969081081
    },
    {
      "x": 3.1389489488053233,
      "y": -1.6612432979998322,
      "intensity": 0.8885438894943098
    },
    {
      "x": 2.9783736170755546,
      "y": 3.3604167941821252,
      "intensity": 0.7784113450486829
    }
  ]
}