{
  "sources": [
    {
      "x": 0.8918534779595273,
      "y": 0.9028597366669597,
      "intensity": 0.857617654642812
    }
  ]
}