{
  "sources": [
    {
      "x": 1.6709112224543077,
      "y": -2.5669441271417393,
      "intensity": 0.8230208294475112
    },
    {
      "x": 0.550337300858355,
      "y": 1.679268642985023,
      "intensity": 0.6159047227561464
    },
    {
      "x": -3.394510007798805,
      "y": 3.2642601718579503,
      "intensity": 0.8512318053155574
    }
  ]
}