{
  "sources": [
    {
      "x": 5.640785789498416,
      "y": 3.786078351263747,
      "intensity": 0.7596588285522126
    },
    {
      "x": -2.302694372468972,
      "y": 5.347924081893387,
      "intensity": 0.715741970505942
    }
  ]
}