{
  "sources": [
    {
      "x": -2.0265634005086763,
      "y": -2.7437633304775058,
      "intensity": 0.6213695264725836
    },
    {
      "x": -0.5298830598674735,
      "y": 2.8702187178432466,
      "intensity": 0.926030589198628
    },
    {
      "x": -0.4919430443864714,
      "y": 0.8213271291804656,
      "intensity": 0.7615228355685355
    }
  ]
}