{
  "sources": [
    {
      "x": 0.10392921901632457,
      "y": -0.707734066630705,
      "intensity": 0.5503490545807592
    }
  ]
}