{
  "sources": [
    {
      "x": -0.6403972901534001,
      "y": -1.0783653881512425,
      "intensity": 0.9104722555793472
    },
    {
      "x": 1.931838843375937,
      "y": 5.7778626545900345,
      "intensity": 0.7983480106963883
    }
  ]
}