{
  "sources": [
    {
      "x": 0.8244133191730563,
      "y": -0.30572021292516416,
      "intensity": 0.715450961884255
    }
  ]
}