{
  "sources": [
    {
      "x": 1.9927671324661311,
      "y": -3.200303636955689,
      "intensity": 0.8703921241920534
    },
    {
      "x": -0.2769798045650482,
      "y": 3.4459766294996435,
      "intensity": 0.9009497044358743
    },
    {
      "x": 3.496086064405959,
      "y": 2.48966646085755,
      "intensity": 0.9209120064550513
    }
  ]
}