{
  "sources": [
    {
      "x": 2.864581194851368,
      "y": 3.2135996462106933,
      "intensity": 0.7349141723411459
    },
    {
      "x": 0.7799477024452175,
      "y": 3.2907244370043403,
      "intensity": 0.5694792993078414
    },
    {
      "x": 0.26005345355073795,
      "y": -0.5426777422457976,
      "intensity": 0.9271653783262801
    }
  ]
}