{
  "sources": [
    {
      "x": 3.4525511707607546,
      "y": -0.021780839757625348,
      "intensity": 0.73578037896576
    },
    {
      "x": 0.770826422421214,
      "y": 2.180055737530103,
      "intensity": 0.658951347160605
    },
    {
      "x": 1.293915176988805,
      "y": -3.399707438445837,
      "intensity": 0.9270551548674622
    }
  ]
}