{
  "sources": [
    {
      "x": -0.96498501922364,
      "y": -3.824851949001893,
      "intensity": 0.7435944707061009
    }
  ]
}