{
  "sources": [
    {
      "x": -1.3009567704459366,
      "y": 0.8086110598791256,
      "intensity": 0.5018875752109966
    },
    {
      "x": -3.359734071284304,
      "y": 1.218619497963573,
      "intensity": 0.6438254655943407
    },
    {
      "x": 1.7656946061397178,
      "y": 0.258483745402319,
      "intensity": 0.5913987658744038
    }
  ]
}