{
  "sources": [
    {
      "x": -0.03008258563598387,
      "y": -2.4642611477267202,
      "intensity": 0.5337105503024064
    },
    {
      "x": 0.20211792322885724,
      "y": 0.3288655811951453,
      "intensity": 0.7115130157486672
    },
    {
      "x": -3.2728727160853106,
      "y": 1.7189350829404777,
      "intensity": 0.7829196036271614
    }
  ]
}