{
  "sources": [
    {
      "x": -2.8248946968771653,
      "y": 0.27323966195075755,
      "intensity": 0.878801000922409
    },
    {
      "x": 1.2323779733955735,
      "y": -0.28455041493675504,
      "intensity": 0.6457935205205279
    },
    {
      "x": 1.1422970235495429,
      "y": -2.9803939402395914,
      "intensity": 0.6048094540611728
    }
  ]
}