{
  "sources": [
    {
      "x": -2.0091301707332487,
      "y": 0.5004050166381475,
      "intensity": 0.7326770811138368
    },
    {
      "x": -1.686791916230038,
      "y": 1.860944705351545,
      "intensity": 0.9883187646252585
    },
    {
      "x": -1.8648780583239764,
      "y": -2.851593349005079,
      "intensity": 0.8973568936280112
    }
  ]
}