{
  "sources": [
    {
      "x": 0.5296021778543887,
      "y": -3.051170743971752,
      "intensity": 0.5423740438965075
    },
    {
      "x": 0.9600216591076443,
      "y": 2.070755638436988,
      "intensity": 0.5879192049611697
    },
    {
      "x": 2.0786053833490827,
      "y": 1.5334629712847914,
      "intensity": 0.7131250500794217
    }
  ]
}