{
  "sources": [
    {
      "x": -2.70868715809745,
      "y": -0.9632565664924178,
      "intensity": 0.7984015953103049
    },
    {
      "x": -2.2202557926360496,
      "y": 2.6052884226419444,
      "intensity": 0.7068937391740384
    },
    {
      "x": -3.0180385701324908,
      "y": 2.2278953181479357,
      "intensity": 0.6668633048531354
    }
  ]
}