{
  "sources": [
    {
      "x": 3.042889512885293,
      "y": 1.1266027341714588,
      "intensity": 0.9562023405662166
    },
    {
      "x": -3.187569103381069,
      "y": -3.4732870110703784,
      "intensity": 0.5348533774129964
    },
    {
      "x": -3.0393609032244493,
      "y": -0.6473831703186423,
      "intensity": 0.7956625032858313
    }
  ]
}