{
  "sources": [
    {
      "x": -3.0848918483404444,
      "y": 1.516739475783213,
      "intensity": 0.7611778005697778
    },
    {
      "x": -2.1429627511862703,
      "y": -1.299398686502728,
      "intensity": 0.7858839217899574
    },
    {
      "x": 3.2311535272323324,
      "y": 0.2060283856553986,
      "intensity": 0.5700342146747226
    }
  ]
}