{
  "sources": [
    {
      "x": -2.0914252894991194,
      "y": -1.7455895077154662,
      "intensity": 0.9790236083159087
    },
    {
      "x": 2.7395595379602486,
      "y": 0.2562446706159056,
      "intensity": 0.6777250574371907
    },
    {
      "x": -1.3595655900017336,
      "y": 2.809726576762319,
      "intensity": 0.6691041422583703
    }
  ]
}