{
  "sources": [
    {
      "x": 2.092607446046226,
      "y": -0.05780338083752756,
      "intensity": 0.573855181701199
    },
    {
      "x": -0.8051454061630721,
      "y": 3.381764608481043,
      "intensity": 0.9601840393128126
    },
    {
      "x": 2.518952718947009,
      "y": 1.9458828516678643,
      "intensity": 0.8120311341460023
    }
  ]
}