{
  "sources": [
    {
      "x": 1.1761877646072936,
      "y": 1.0355177693721487,
      "intensity": 0.5129331734994628
    },
    {
      "x": 2.408448704523087,
      "y": -2.6002874437449797,
      "intensity": 0.8390710703366071
    },
    {
      "x": -0.7638551773029065,
      "y": 2.5979724828244963,
      "intensity": 0.7106465928866783
    }
  ]
}