{
  "sources": [
    {
      "x": -0.006536658483711211,
      "y": 0.9476799923837016,
      "intensity": 0.6059916899433435
    }
  ]
}