{
  "sources": [
    {
      "x": -0.5242458486089214,
      "y": -0.5151881155983586,
      "intensity": 0.6379311631994284
    },
    {
      "x": -1.1076334765953293,
      "y": -1.078148052615119,
      "intensity": 0.8479410075019788
    },
    {
      "x": -3.317480580923255,
      "y": -2.0154825871147235,
      "intensity": 0.7108754760141166
    }
  ]
}