{
  "sources": [
    {
      "x": -3.3516351960136626,
      "y": 0.3507779884030473,
      "intensity": 0.6604703425246345
    },
    {
      "x": 3.4617784012768693,
      "y": 2.7433599116651717,
      "intensity": 0.8273092380244493
    },
    {
      "x": 1.5031454796326935,
      "y": 1.0363751873042117,
      "intensity": 0.5407278735064864
    }
  ]
}