{
  "sources": [
    {
      "x": -0.8594790266525572,
      "y": 0.04296988864346729,
      "intensity": 0.6740436592061583
    }
  ]
}