{
  "sources": [
    {
      "x": -6.516258409490472,
      "y": 2.4552940322528105,
      "intensity": 0.8092111302834266
    },
    {
      "x": -0.48214142594124887,
      "y": -5.933730277883061,
      "intensity": 0.8333179508735
    }
  ]
}