{
  "sources": [
    {
      "x": -3.9389738503273595,
      "y": 0.16628913619854302,
      "intensity": 0.5166890954545955
    },
    {
      "x": 3.6770040705351423,
      "y": 7.079888999360559,
      "intensity": 0.23211042650618385
    }
  ]
}