{
  "sources": [
    {
      "x": -4.504569495938528,
      "y": -6.096771997041808,
      "intensity": 0.3172967035654799
    },
    {
      "x": -5.207331354116413,
      "y": -4.071499594162951,
      "intensity": 0.7924081929016293
    }
  ]
}