{
  "sources": [
    {
      "x": -2.919203376612735,
      "y": 1.0744557401401815,
      "intensity": 0.7121875695342208
    },
    {
      "x": 2.6301521826898924,
      "y": -0.1592808985769163,
      "intensity": 0.6196193222120289
    },
    {
      "x": -0.6539995134921428,
      "y": -2.8462893509198333,
      "intensity": 0.806636112422692
    }
  ]
}