{
  "sources": [
    {
      "x": -2.1142658990054697,
      "y": 1.4460345053583108,
      "intensity": 0.6278708500559181
    },
    {
      "x": 1.8628067974046356,
      "y": 3.427174269268013,
      "intensity": 0.650869810927413
    },
    {
      "x": -1.3898135490163823,
      "y": -2.0280499333682838,
      "intensity": 0.9056026159530495
    }
  ]
}