{
  "sources": [
    {
      "x": -0.486830268379951,
      "y": 0.9003394601181736,
      "intensity": 0.5699231099537896
    },
    {
      "x": 3.408586693887769,
      "y": -1.4866118503480346,
      "intensity": 0.8050961132685757
    },
    {
      "x": 3.462298818269467,
      "y": -3.161118760842044,
      "intensity": 0.9391728279370297
    }
  ]
}