{
  "sources": [
    {
      "x": -2.9056261427381083,
      "y": -1.2683086647470936,
      "intensity": 0.5046227726416992
    },
    {
      "x": -3.1738521798316865,
      "y": 3.0703379170982688,
      "intensity": 0.5961061406246888
    },
    {
      "x": -0.5657348173949979,
      "y": -1.582900974412631,
      "intensity": 0.5385476595841965
    }
  ]
}