{
  "sources": [
    {
      "x": 2.508726142066285,
      "y": -1.9407732293139945,
      "intensity": 0.32823576258717
    }
  ]
}