{
  "sources": [
    {
      "x": -0.1681348964250946,
      "y": -0.8092230810878993,
      "intensity": 0.8124718659486554
    }
  ]
}