{
  "sources": [
    {
      "x": 1.9092652177217868,
      "y": 1.5295961062309686,
      "intensity": 0.9881213899339596
    },
    {
      "x": -0.9267546743556685,
      "y": 2.2730014270993752,
      "intensity": 0.6130550263435801
    },
    {
      "x": 0.8776786798566167,
      "y": 2.938418772063968,
      "intensity": 0.8301132025686995
    }
  ]
}