{
  "sources": [
    {
      "x": 1.8303825348939808,
      "y": -3.1641969359556104,
      "intensity": 0.9693975207378784
    },
    {
      "x": 3.365716749770148,
      "y": 0.9411131840586329,
      "intensity": 0.7054046267627614
    },
    {
      "x": -2.006512812307926,
      "y": 1.8023042674624516,
      "intensity": 0.7107599391908231
    }
  ]
}