{
  "sources": [
    {
      "x": 3.3046305888113308,
      "y": 1.9302607470289228,
      "intensity": 0.5057602241886673
    },
    {
      "x": -1.5514832925279667,
      "y": 2.179916837544585,
      "intensity": 0.8792345823256937
    },
    {
      "x": -2.469858733126242,
      "y": 2.3807693613830434,
      "intensity": 0.5036004599777695
    }
  ]
}