{
  "sources": [
    {
      "x": -0.20491833055814412,
      "y": 0.539196120743195,
      "intensity": 0.8371660362855893
    }
  ]
}