{
  "sources": [
    {
      "x": -1.0886514933350018,
      "y": -3.2002775191609625,
      "intensity": 0.6771028408655793
    },
    {
      "x": 0.4469190604605826,
      "y": 0.2968772791986174,
      "intensity": 0.5426141274617513
    },
    {
      "x": 2.735953006211675,
      "y": -1.3334998843795671,
      "intensity": 0.5483000844110684
    }
  ]
}