{
  "sources": [
    {
      "x": 0.9745459216411181,
      "y": -1.3232247097034473,
      "intensity": 0.749762594333135
    },
    {
      "x": -2.964618621572073,
      "y": -3.2953470434521837,
      "intensity": 0.7135667980108564
    },
    {
      "x": -3.1082586364476494,
      "y": -2.868650579596558,
      "intensity": 0.6332333706159066
    }
  ]
}