{
  "sources": [
    {
      "x": 0.5829176415580029,
      "y": -0.10405112591357124,
      "intensity": 0.725295844870838
    }
  ]
}