{
  "sources": [
    {
      "x": -2.827178375232402,
      "y": 2.360402049772726,
      "intensity": 0.8046501621559268
    },
    {
      "x": 3.351155926380023,
      "y": -2.041961280545431,
      "intensity": 0.9280796814642875
    },
    {
      "x": -2.6152394939687063,
      "y": 2.4027810522292885,
      "intensity": 0.8582378985203166
    }
  ]
}