{
  "sources": [
    {
      "x": -0.6364753759866741,
      "y": -2.5360384366637554,
      "intensity": 0.8853599165594546
    },
    {
      "x": -2.3524998221583093,
      "y": -1.5495514045389032,
      "intensity": 0.6071045050406791
    },
    {
      "x": -1.9302717479856697,
      "y": -1.0555999760812038,
      "intensity": 0.8644711372730559
    }
  ]
}