{
  "sources": [
    {
      "x": -1.7404560424371927,
      "y": -1.3393401758397694,
      "intensity": 0.9288963751895836
    },
    {
      "x": -0.652392579997596,
      "y": 2.157821535578094,
      "intensity": 0.7716708285663909
    },
    {
      "x": -2.8892692817300207,
      "y": 3.0383331457317713,
      "intensity": 0.6136301558737527
    }
  ]
}