{
  "sources": [
    {
      "x": 1.332611381913087,
      "y": 3.2943881576725875,
      "intensity": 0.8339082973189785
    },
    {
      "x": -0.8548848239100004,
      "y": 1.6659855248759161,
      "intensity": 0.9865402539846996
    },
    {
      "x": -1.5102387221610354,
      "y": 2.8894235073012275,
      "intensity": 0.8195442662563417
    }
  ]
}