{
  "sources": [
    {
      "x": 1.7206886005707283,
      "y": 1.930266483532514,
      "intensity": 0.7867084325840288
    }
  ]
}