{
  "sources": [
    {
      "x": 0.46965261647812717,
      "y": -0.3992998231884948,
      "intensity": 0.9394507631349106
    },
    {
      "x": -2.7021264999433403,
      "y": 0.2598097052794719,
      "intensity": 0.8702636938016857
    },
    {
      "x": -1.8821286677042277,
      "y": 3.0085007063056413,
      "intensity": 0.748511269331545
    }
  ]
}