{
  "sources": [
    {
      "x": 0.7249999464761614,
      "y": 0.5927924196735577,
      "intensity": 0.6079987954067692
    }
  ]
}