{
  "sources": [
    {
      "x": 0.028291415851732893,
      "y": 2.4671061916423005,
      "intensity": 0.9287500618850765
    },
    {
      "x": -2.6066450975820477,
      "y": -2.1117769247582014,
      "intensity": 0.7610005980441172
    },
    {
      "x": 0.8367344149849032,
      "y": -2.041093435503174,
      "intensity": 0.5039417204950919
    }
  ]
}