{
  "sources": [
    {
      "x": 3.1005352059324487,
      "y": -1.979254037370949,
      "intensity": 0.47806764190926887
    }
  ]
}