{
  "sources": [
    {
      "x": 2.052665687192949,
      "y": -2.871041905982766,
      "intensity": 0.9745279440322911
    }
  ]
}