{
  "sources": [
    {
      "x": -0.12561938098081926,
      "y": -0.06954166751487167,
      "intensity": 0.7190676806879924
    }
  ]
}