{
  "sources": [
    {
      "x": -0.43462023132638405,
      "y": 0.49034380946510137,
      "intensity": 0.6811866538750071
    },
    {
      "x": 0.7040585512207631,
      "y": -1.4917807493004673,
      "intensity": 0.8377137435629239
    },
    {
      "x": 0.9103728224996956,
      "y": 0.38283042813031587,
      "intensity": 0.5738891372149943
    }
  ]
}