{
  "sources": [
    {
      "x": -4.523447353540281,
      "y": 7.016748308332355,
      "intensity": 0.2145273559627534
    },
    {
      "x": 0.010113670423361754,
      "y": -2.3844430852644187,
      "intensity": 0.35224766457392703
    }
  ]
}