{
  "sources": [
    {
      "x": -2.0861819254121396,
      "y": 0.327385558292991,
      "intensity": 0.5574216561178151
    },
    {
      "x": 1.0704585189710887,
      "y": -0.3102969104271298,
      "intensity": 0.6968907117019058
    },
    {
      "x": -3.205859775460273,
      "y": 3.4981052597537117,
      "intensity": 0.8187435541186869
    }
  ]
}