{
  "sources": [
    {
      "x": 0.41402398437937116,
      "y": -0.19002833595887747,
      "intensity": 0.641410028715603
    },
    {
      "x": 0.8953526665055023,
      "y": -3.037022974378178,
      "intensity": 0.7202583053189132
    },
    {
      "x": -2.7532379628836736,
      "y": -2.5085034393054846,
      "intensity": 0.7331131095045759
    }
  ]
}