{
  "sources": [
    {
      "x": -1.8268942335621472,
      "y": 1.877060786171433,
      "intensity": 0.6449924529682087
    },
    {
      "x": -2.0158592406973677,
      "y": -0.6411392720079823,
      "intensity": 0.8820257021330302
    },
    {
      "x": 3.096358666034882,
      "y": -0.5027372211747747,
      "intensity": 0.5800213422018011
    }
  ]
}